inquiry_id,credit_card_type,status,booking_id,created_at
269,AMEX,completed,1,2014-09-05
1218,visa,cancelled,2,2014-07-03
1769,visa,scheduled,3,2014-11-20
2640,AMEX,completed,4,2015-01-05
94,mastercard,scheduled,5,2014-08-16
909,mastercard,scheduled,6,2014-08-28
1286,mastercard,completed,7,2014-09-12
1297,AMEX,completed,8,2014-11-11
1507,mastercard,completed,9,2014-08-16
1528,AMEX,scheduled,10,2014-09-21
1660,AMEX,scheduled,11,2014-08-14
1956,visa,scheduled,12,2014-07-29
2083,AMEX,scheduled,13,2014-10-21
2347,AMEX,completed,14,2014-10-20
2877,AMEX,completed,15,2014-06-29
299,visa,scheduled,16,2014-09-20
561,visa,completed,17,2014-09-13
568,visa,completed,18,2014-07-22
614,AMEX,completed,19,2014-11-02
660,AMEX,completed,20,2014-09-27
943,mastercard,scheduled,21,2014-10-31
956,mastercard,scheduled,22,2014-07-03
1835,mastercard,completed,23,2014-08-11
2061,visa,scheduled,24,2014-07-07
2068,mastercard,scheduled,25,2014-09-04
2160,mastercard,completed,26,2015-01-02
2240,mastercard,scheduled,27,2014-08-24
2443,visa,cancelled,28,2014-11-06
196,visa,completed,29,2014-10-23
221,visa,scheduled,30,2014-11-05
1204,visa,completed,31,2014-07-19
1499,AMEX,completed,32,2014-07-05
1721,AMEX,completed,33,2014-10-01
2283,AMEX,completed,34,2014-04-28
2704,mastercard,cancelled,35,2014-07-23
2998,AMEX,completed,36,2014-09-05
2999,AMEX,completed,37,2014-12-05
242,visa,completed,38,2014-11-24
1287,visa,completed,39,2014-12-25
1513,mastercard,completed,40,2014-11-13
2564,mastercard,scheduled,41,2014-12-22
2574,mastercard,scheduled,42,2015-03-04
2787,visa,completed,43,2014-11-05
2869,AMEX,scheduled,44,2014-06-09
2876,AMEX,completed,45,2014-05-01
222,mastercard,completed,46,2014-08-13
549,visa,cancelled,47,2014-10-15
1722,visa,scheduled,48,2014-05-30
1771,AMEX,cancelled,49,2014-12-09
805,mastercard,scheduled,50,2014-10-23
923,AMEX,scheduled,51,2014-08-22
2070,AMEX,cancelled,52,2015-02-09
2305,mastercard,completed,53,2014-06-12
2423,visa,scheduled,54,2014-12-16
2542,mastercard,scheduled,55,2014-11-04
162,AMEX,completed,56,2014-09-01
902,visa,scheduled,57,2014-12-27
1704,AMEX,completed,58,2014-10-19
2216,visa,scheduled,59,2014-10-25
2473,visa,scheduled,60,2014-05-29
2698,visa,completed,61,2014-10-07
2997,mastercard,scheduled,62,2014-05-25
153,mastercard,completed,63,2014-09-19
718,visa,scheduled,64,2014-12-26
921,visa,scheduled,65,2015-01-10
1653,mastercard,completed,66,2014-12-23
1928,visa,scheduled,67,2014-08-06
2863,AMEX,completed,68,2014-08-27
87,visa,scheduled,69,2014-10-09
738,visa,cancelled,70,2014-07-07
1229,mastercard,scheduled,71,2014-11-21
1375,AMEX,scheduled,72,2014-10-13
1587,AMEX,scheduled,73,2014-08-22
2238,mastercard,cancelled,74,2014-08-09
2349,mastercard,scheduled,75,2014-12-27
2729,visa,completed,76,2015-01-06
2875,AMEX,scheduled,77,2014-11-29
105,mastercard,scheduled,78,2014-09-08
527,visa,completed,79,2014-10-03
1315,visa,scheduled,80,2014-11-06
1330,mastercard,scheduled,81,2014-08-11
1510,AMEX,scheduled,82,2014-06-27
1605,visa,scheduled,83,2014-09-30
2027,visa,scheduled,84,2015-01-23
2051,visa,scheduled,85,2014-07-21
2448,mastercard,scheduled,86,2014-06-27
2656,visa,scheduled,87,2015-01-08
2735,mastercard,scheduled,88,2014-11-25
2815,visa,cancelled,89,2014-12-23
2819,mastercard,cancelled,90,2014-08-25
2830,visa,completed,91,2014-11-26
27,visa,cancelled,92,2014-08-12
843,AMEX,scheduled,93,2015-01-22
1356,visa,scheduled,94,2014-06-23
1527,visa,scheduled,95,2015-02-05
1989,visa,completed,96,2014-08-10
2671,AMEX,completed,97,2014-09-26
2826,AMEX,scheduled,98,2014-04-10
11,visa,cancelled,99,2014-11-08
120,mastercard,completed,100,2014-12-11
702,mastercard,scheduled,101,2014-11-01
929,visa,scheduled,102,2014-06-27
951,visa,completed,103,2014-10-26
1160,visa,completed,104,2014-11-24
1620,mastercard,completed,105,2014-11-15
1629,visa,completed,106,2014-09-06
2451,mastercard,scheduled,107,2014-10-06
2515,visa,scheduled,108,2014-11-14
2918,visa,scheduled,109,2015-01-21
150,mastercard,completed,110,2014-11-14
556,AMEX,completed,111,2014-12-28
663,mastercard,completed,112,2014-11-29
668,visa,cancelled,113,2014-09-17
1371,visa,completed,114,2014-07-18
1446,visa,completed,115,2014-09-21
2031,visa,scheduled,116,2015-02-02
2163,mastercard,scheduled,117,2015-01-17
2871,mastercard,scheduled,118,2014-11-10
2946,visa,cancelled,119,2014-11-16
107,mastercard,scheduled,120,2014-10-02
175,visa,scheduled,121,2014-10-16
266,AMEX,completed,122,2014-12-14
307,visa,scheduled,123,2014-10-27
439,visa,scheduled,124,2014-09-30
446,visa,completed,125,2014-08-25
924,mastercard,completed,126,2015-01-24
1306,mastercard,completed,127,2014-06-13
1429,AMEX,scheduled,128,2014-07-31
1607,visa,scheduled,129,2014-10-22
1766,mastercard,scheduled,130,2014-09-11
1807,visa,completed,131,2014-11-26
1946,AMEX,scheduled,132,2014-11-04
2806,mastercard,scheduled,133,2015-01-09
2881,mastercard,scheduled,134,2014-09-07
2927,mastercard,completed,135,2014-09-03
2929,visa,scheduled,136,2014-11-12
187,mastercard,scheduled,137,2014-11-07
395,visa,scheduled,138,2014-07-20
655,AMEX,completed,139,2014-12-16
728,visa,completed,140,2014-08-24
885,visa,completed,141,2014-09-22
1374,visa,scheduled,142,2014-07-27
1687,AMEX,completed,143,2014-12-01
1705,visa,scheduled,144,2014-08-26
1895,visa,completed,145,2014-10-22
1943,AMEX,scheduled,146,2014-10-15
1980,visa,scheduled,147,2014-11-07
2039,visa,cancelled,148,2014-12-31
2175,mastercard,cancelled,149,2014-09-29
2508,mastercard,cancelled,150,2014-09-09
2776,mastercard,scheduled,151,2014-10-24
2859,mastercard,completed,152,2014-08-30
173,visa,scheduled,153,2014-07-03
201,mastercard,scheduled,154,2014-08-05
926,mastercard,scheduled,155,2014-08-29
1365,AMEX,scheduled,156,2014-09-22
1610,visa,completed,157,2014-08-14
1673,visa,scheduled,158,2014-12-12
2257,mastercard,scheduled,159,2014-11-12
2426,visa,scheduled,160,2015-01-25
2554,mastercard,scheduled,161,2015-01-19
2865,mastercard,completed,162,2014-08-11
159,visa,scheduled,163,2014-10-02
276,AMEX,completed,164,2014-09-03
397,visa,scheduled,165,2014-10-19
1092,visa,scheduled,166,2015-01-06
1343,visa,scheduled,167,2014-12-03
1542,visa,completed,168,2014-05-12
1776,mastercard,completed,169,2014-12-13
2059,mastercard,cancelled,170,2014-09-21
2592,visa,completed,171,2014-08-05
2843,AMEX,scheduled,172,2014-10-04
2845,AMEX,scheduled,173,2014-08-26
2847,visa,completed,174,2014-10-10
905,mastercard,completed,175,2014-11-09
1110,mastercard,scheduled,176,2014-11-21
2405,mastercard,completed,177,2014-07-11
2584,mastercard,completed,178,2014-12-29
57,visa,scheduled,179,2014-11-11
244,mastercard,completed,180,2014-09-12
754,visa,completed,181,2014-07-30
1099,visa,scheduled,182,2014-09-04
1249,visa,completed,183,2014-10-31
1493,visa,scheduled,184,2014-11-10
2226,visa,completed,185,2014-11-19
2599,mastercard,scheduled,186,2015-02-07
2749,mastercard,scheduled,187,2014-09-03
2891,visa,completed,188,2014-12-09
2993,AMEX,cancelled,189,2014-10-06
308,mastercard,cancelled,190,2014-10-11
1071,visa,scheduled,191,2014-07-08
1796,visa,cancelled,192,2015-01-01
2571,AMEX,completed,193,2014-06-06
2617,mastercard,completed,194,2014-12-19
2667,visa,scheduled,195,2015-01-22
2765,visa,completed,196,2014-11-26
278,AMEX,completed,197,2014-11-13
291,mastercard,completed,198,2014-11-10
671,AMEX,scheduled,199,2014-10-26
1136,AMEX,scheduled,200,2014-07-18
1336,visa,scheduled,201,2014-09-15
1778,visa,completed,202,2014-05-04
1791,AMEX,completed,203,2015-02-11
2600,mastercard,scheduled,204,2014-10-31
2814,visa,completed,205,2015-02-14
2836,mastercard,completed,206,2014-10-19
2985,visa,cancelled,207,2014-05-26
46,AMEX,completed,208,2014-09-23
515,AMEX,cancelled,209,2014-12-11
1107,AMEX,scheduled,210,2014-07-18
1632,AMEX,scheduled,211,2014-10-25
1903,AMEX,completed,212,2014-07-23
2543,AMEX,scheduled,213,2014-09-25
2607,mastercard,scheduled,214,2014-12-20
2633,visa,cancelled,215,2014-09-05
26,mastercard,completed,216,2014-11-04
578,visa,scheduled,217,2014-10-08
629,mastercard,scheduled,218,2014-10-22
725,visa,scheduled,219,2014-12-13
871,mastercard,completed,220,2014-12-16
908,AMEX,cancelled,221,2015-01-25
1058,visa,scheduled,222,2014-11-08
1535,mastercard,scheduled,223,2014-08-25
1748,mastercard,completed,224,2014-05-05
2078,visa,completed,225,2014-09-23
2129,AMEX,scheduled,226,2014-09-08
2225,mastercard,completed,227,2014-09-11
2408,mastercard,cancelled,228,2014-08-19
2734,mastercard,cancelled,229,2015-01-06
2976,AMEX,scheduled,230,2014-09-18
98,visa,completed,231,2014-10-31
1150,visa,scheduled,232,2014-12-10
1531,mastercard,scheduled,233,2015-01-09
1997,AMEX,completed,234,2014-05-19
2196,AMEX,scheduled,235,2014-09-26
2570,AMEX,cancelled,236,2014-05-22
2572,AMEX,scheduled,237,2014-07-13
2581,visa,completed,238,2014-05-12
2906,mastercard,completed,239,2014-07-25
2972,visa,cancelled,240,2014-12-12
1134,visa,scheduled,241,2014-07-31
1380,visa,scheduled,242,2014-09-25
2097,mastercard,scheduled,243,2014-07-26
2559,visa,cancelled,244,2014-07-04
2634,visa,scheduled,245,2014-12-26
2686,visa,cancelled,246,2014-12-28
2880,AMEX,scheduled,247,2014-11-13
23,AMEX,completed,248,2014-11-13
219,mastercard,completed,249,2014-09-20
1342,visa,scheduled,250,2014-11-26
1523,AMEX,completed,251,2015-01-01
1753,mastercard,cancelled,252,2014-09-07
1927,visa,completed,253,2014-07-01
2489,mastercard,scheduled,254,2014-11-02
2842,mastercard,scheduled,255,2014-10-01
2896,mastercard,cancelled,256,2014-11-06
185,visa,scheduled,257,2014-10-26
340,mastercard,scheduled,258,2014-10-29
520,visa,cancelled,259,2014-09-25
594,visa,scheduled,260,2014-10-19
1512,mastercard,scheduled,261,2014-12-17
1685,mastercard,scheduled,262,2014-07-10
2030,visa,scheduled,263,2014-12-20
2145,mastercard,completed,264,2014-08-09
2374,mastercard,scheduled,265,2014-10-31
2467,AMEX,cancelled,266,2014-12-29
2951,mastercard,scheduled,267,2014-12-31
1386,mastercard,completed,268,2014-07-05
2497,AMEX,scheduled,269,2015-02-20
2654,visa,cancelled,270,2014-10-15
2886,mastercard,completed,271,2014-11-22
166,AMEX,scheduled,272,2014-08-29
2036,mastercard,completed,273,2014-11-17
2091,mastercard,scheduled,274,2014-09-12
2133,mastercard,cancelled,275,2015-02-28
2835,mastercard,scheduled,276,2014-11-18
165,visa,completed,277,2014-10-09
617,visa,scheduled,278,2014-08-08
781,mastercard,completed,279,2014-12-18
790,mastercard,scheduled,280,2014-06-04
1082,visa,cancelled,281,2015-01-08
1131,visa,scheduled,282,2014-12-16
1754,visa,cancelled,283,2014-12-09
2290,AMEX,scheduled,284,2014-06-01
2442,AMEX,completed,285,2014-07-30
2505,visa,scheduled,286,2014-05-31
21,visa,scheduled,287,2014-10-20
246,visa,completed,288,2014-09-19
293,mastercard,completed,289,2014-08-11
579,mastercard,cancelled,290,2014-09-21
679,mastercard,scheduled,291,2014-11-25
712,mastercard,completed,292,2014-10-29
821,AMEX,scheduled,293,2014-12-11
1144,visa,scheduled,294,2014-11-18
1750,visa,completed,295,2014-06-28
2212,AMEX,completed,296,2014-10-21
2321,AMEX,scheduled,297,2014-07-23
2577,mastercard,scheduled,298,2014-07-17
139,AMEX,completed,299,2014-08-07
664,mastercard,completed,300,2014-09-18
829,visa,scheduled,301,2014-09-15
1569,visa,completed,302,2014-06-19
1639,AMEX,completed,303,2014-10-02
2851,visa,cancelled,304,2015-01-11
598,mastercard,completed,305,2014-11-19
609,mastercard,completed,306,2014-10-27
612,visa,completed,307,2014-10-29
690,visa,cancelled,308,2014-11-22
811,AMEX,scheduled,309,2015-01-24
1076,mastercard,scheduled,310,2014-10-10
1086,visa,completed,311,2014-05-24
1173,mastercard,scheduled,312,2014-06-06
2005,AMEX,scheduled,313,2014-09-29
2009,AMEX,completed,314,2014-11-27
2109,AMEX,completed,315,2014-12-14
2190,visa,cancelled,316,2015-01-09
2311,visa,scheduled,317,2015-02-04
2586,AMEX,completed,318,2015-02-05
2614,mastercard,cancelled,319,2014-12-31
2673,AMEX,completed,320,2015-01-04
2700,AMEX,completed,321,2014-12-12
287,visa,completed,322,2014-07-13
825,mastercard,completed,323,2014-12-19
1135,visa,scheduled,324,2014-09-13
1445,visa,scheduled,325,2014-11-23
1732,visa,completed,326,2015-01-06
2635,AMEX,scheduled,327,2014-06-25
2824,AMEX,completed,328,2014-06-26
2945,AMEX,scheduled,329,2014-12-08
80,visa,scheduled,330,2014-10-27
184,visa,scheduled,331,2014-10-25
751,AMEX,cancelled,332,2014-09-28
1580,AMEX,scheduled,333,2014-07-14
1901,visa,scheduled,334,2015-01-19
2412,visa,scheduled,335,2014-09-11
389,visa,completed,336,2014-11-04
1274,mastercard,scheduled,337,2014-12-09
92,visa,cancelled,338,2014-10-11
2587,visa,cancelled,339,2014-06-12
2658,AMEX,scheduled,340,2014-12-06
927,mastercard,completed,341,2014-11-15
1271,mastercard,completed,342,2014-07-18
1985,visa,cancelled,343,2014-10-18
2021,mastercard,scheduled,344,2014-09-26
2533,visa,scheduled,345,2014-12-07
2746,AMEX,scheduled,346,2014-10-13
2771,mastercard,cancelled,347,2014-12-13
705,AMEX,cancelled,348,2014-11-30
760,mastercard,scheduled,349,2014-08-10
772,visa,scheduled,350,2014-09-24
1097,mastercard,completed,351,2015-01-23
1230,AMEX,scheduled,352,2014-12-18
1241,AMEX,scheduled,353,2014-07-11
1976,mastercard,completed,354,2014-08-10
2205,AMEX,scheduled,355,2014-07-21
2260,mastercard,completed,356,2014-10-16
2272,visa,cancelled,357,2014-07-12
2384,mastercard,completed,358,2014-10-25
2597,AMEX,completed,359,2014-11-12
2741,visa,cancelled,360,2014-05-07
2947,mastercard,completed,361,2015-01-05
560,mastercard,completed,362,2014-11-13
602,visa,scheduled,363,2014-08-02
1181,visa,scheduled,364,2014-06-21
1340,visa,completed,365,2014-07-25
2102,visa,completed,366,2014-08-19
2681,visa,completed,367,2015-01-16
2724,visa,scheduled,368,2014-11-02
2840,AMEX,scheduled,369,2014-07-18
2995,visa,cancelled,370,2014-12-12
142,visa,completed,371,2014-10-04
290,visa,scheduled,372,2014-09-19
622,visa,completed,373,2014-09-01
1633,mastercard,scheduled,374,2014-08-05
1642,visa,completed,375,2014-08-12
1790,visa,scheduled,376,2014-07-15
2122,mastercard,completed,377,2014-12-28
249,AMEX,completed,378,2014-11-01
434,visa,scheduled,379,2014-10-15
915,mastercard,completed,380,2014-08-23
1267,mastercard,completed,381,2015-02-22
1456,AMEX,completed,382,2014-12-15
1966,mastercard,completed,383,2014-07-07
2211,visa,completed,384,2014-10-21
2457,AMEX,scheduled,385,2014-12-19
2469,mastercard,scheduled,386,2014-08-03
2544,AMEX,scheduled,387,2014-05-12
2641,mastercard,scheduled,388,2015-01-05
2767,AMEX,cancelled,389,2014-10-20
792,visa,scheduled,390,2014-07-28
794,mastercard,scheduled,391,2014-12-05
1113,mastercard,completed,392,2014-12-31
1994,visa,completed,393,2015-02-05
2237,AMEX,completed,394,2014-12-11
2294,AMEX,completed,395,2014-06-19
2613,visa,scheduled,396,2014-10-01
2795,visa,cancelled,397,2014-07-06
65,AMEX,scheduled,398,2014-09-30
137,AMEX,scheduled,399,2014-11-22
140,AMEX,completed,400,2014-09-04
237,AMEX,scheduled,401,2014-11-15
1255,visa,completed,402,2014-08-16
1872,visa,scheduled,403,2014-05-29
2089,mastercard,scheduled,404,2014-12-18
2547,visa,scheduled,405,2015-02-02
2619,AMEX,cancelled,406,2015-02-01
2887,visa,completed,407,2015-01-13
70,mastercard,scheduled,408,2014-11-10
118,AMEX,completed,409,2014-08-25
181,visa,completed,410,2014-11-02
268,visa,completed,411,2014-12-25
537,visa,completed,412,2014-08-28
631,mastercard,scheduled,413,2014-11-19
1125,visa,cancelled,414,2014-08-21
1190,visa,completed,415,2014-11-16
1570,visa,scheduled,416,2014-10-30
1618,visa,completed,417,2014-08-04
1690,mastercard,scheduled,418,2014-11-03
1764,visa,scheduled,419,2014-05-11
2131,visa,scheduled,420,2014-11-24
2358,AMEX,completed,421,2014-11-27
2522,mastercard,completed,422,2014-12-05
2625,visa,scheduled,423,2014-10-23
2690,mastercard,cancelled,424,2014-11-22
2804,visa,scheduled,425,2014-12-21
2989,AMEX,cancelled,426,2014-07-21
149,mastercard,completed,427,2014-11-23
1462,visa,scheduled,428,2014-11-10
1649,mastercard,scheduled,429,2015-02-26
1795,mastercard,scheduled,430,2014-07-20
1817,AMEX,scheduled,431,2014-09-17
2962,mastercard,cancelled,432,2015-03-03
859,AMEX,scheduled,433,2014-12-03
1124,visa,completed,434,2014-10-17
1466,visa,completed,435,2014-11-07
2159,visa,scheduled,436,2014-12-30
2276,AMEX,scheduled,437,2014-06-22
2359,AMEX,scheduled,438,2014-12-11
2410,visa,completed,439,2014-12-09
2440,mastercard,scheduled,440,2014-10-12
2591,mastercard,cancelled,441,2014-07-19
2624,visa,scheduled,442,2014-12-14
2712,visa,completed,443,2014-12-15
2794,mastercard,scheduled,444,2014-08-20
2966,mastercard,completed,445,2014-09-07
38,visa,completed,446,2014-10-01
916,visa,scheduled,447,2014-08-31
1101,mastercard,scheduled,448,2014-05-29
1221,mastercard,completed,449,2014-06-17
2416,mastercard,cancelled,450,2014-11-30
2511,visa,cancelled,451,2014-09-25
2716,visa,scheduled,452,2014-10-04
2721,visa,scheduled,453,2014-08-20
2853,mastercard,scheduled,454,2014-11-01
547,mastercard,scheduled,455,2014-08-01
627,visa,completed,456,2014-10-21
917,mastercard,cancelled,457,2015-01-10
1411,visa,completed,458,2014-08-01
2047,mastercard,scheduled,459,2014-12-28
2204,visa,completed,460,2014-08-06
2417,mastercard,scheduled,461,2014-10-28
2964,mastercard,cancelled,462,2014-06-27
192,visa,completed,463,2014-08-10
194,mastercard,scheduled,464,2014-08-28
734,visa,completed,465,2014-09-29
1384,mastercard,completed,466,2014-08-09
1655,visa,scheduled,467,2014-06-26
1692,AMEX,cancelled,468,2014-11-29
1694,visa,scheduled,469,2014-09-11
2162,mastercard,scheduled,470,2015-02-23
2234,visa,cancelled,471,2014-11-25
177,mastercard,completed,472,2014-08-26
635,AMEX,completed,473,2014-10-10
1132,visa,scheduled,474,2015-01-08
1207,visa,scheduled,475,2014-12-08
1677,AMEX,scheduled,476,2015-02-07
1955,AMEX,cancelled,477,2014-12-07
2054,mastercard,completed,478,2014-11-26
2135,visa,scheduled,479,2014-12-17
2498,mastercard,scheduled,480,2014-07-16
2632,mastercard,scheduled,481,2015-01-05
2714,visa,scheduled,482,2014-11-08
54,mastercard,scheduled,483,2014-10-05
216,AMEX,completed,484,2014-07-18
888,visa,completed,485,2014-09-02
961,visa,scheduled,486,2014-08-15
1213,visa,completed,487,2014-07-07
1370,AMEX,scheduled,488,2014-08-13
1554,visa,completed,489,2014-12-05
2255,visa,completed,490,2014-11-29
2461,visa,completed,491,2015-02-15
2870,mastercard,scheduled,492,2014-08-07
239,AMEX,completed,493,2014-11-11
632,visa,completed,494,2014-10-09
1219,AMEX,completed,495,2014-07-11
1372,AMEX,completed,496,2014-05-19
1686,AMEX,scheduled,497,2014-12-11
2132,visa,cancelled,498,2014-08-10
2322,AMEX,cancelled,499,2014-09-25
2719,mastercard,completed,500,2015-01-29
88,visa,completed,501,2014-11-14
267,visa,completed,502,2014-09-03
646,mastercard,completed,503,2014-09-16
855,mastercard,completed,504,2014-10-02
1643,mastercard,scheduled,505,2014-12-26
1767,mastercard,scheduled,506,2014-06-25
2146,mastercard,scheduled,507,2015-01-24
2932,visa,cancelled,508,2015-01-16
158,mastercard,completed,509,2014-12-24
257,visa,scheduled,510,2014-11-09
771,visa,completed,511,2014-10-03
1142,mastercard,scheduled,512,2014-12-22
1961,AMEX,scheduled,513,2015-02-27
2271,visa,scheduled,514,2014-06-27
2324,visa,cancelled,515,2014-10-02
2500,mastercard,scheduled,516,2014-09-09
2539,AMEX,completed,517,2014-12-26
2642,mastercard,scheduled,518,2014-09-20
25,visa,completed,519,2014-10-27
1175,visa,scheduled,520,2014-07-10
1492,visa,scheduled,521,2014-11-29
2992,AMEX,scheduled,522,2014-06-30
294,AMEX,completed,523,2014-10-14
519,visa,cancelled,524,2014-09-25
592,AMEX,cancelled,525,2014-09-17
719,mastercard,completed,526,2014-12-04
1501,mastercard,scheduled,527,2014-11-10
1794,AMEX,scheduled,528,2014-06-15
2019,visa,completed,529,2014-09-22
2101,mastercard,scheduled,530,2014-12-24
2284,mastercard,scheduled,531,2014-09-05
2802,AMEX,completed,532,2014-08-19
82,visa,scheduled,533,2014-09-22
117,visa,completed,534,2014-09-08
1385,AMEX,completed,535,2014-10-05
1422,visa,completed,536,2014-11-05
1751,visa,completed,537,2014-12-07
1981,AMEX,scheduled,538,2015-01-06
2748,visa,cancelled,539,2014-07-06
2812,mastercard,cancelled,540,2014-11-30
2885,mastercard,scheduled,541,2014-09-22
504,visa,scheduled,542,2014-09-08
563,visa,cancelled,543,2014-09-07
836,visa,scheduled,544,2014-11-17
2063,mastercard,cancelled,545,2014-10-15
2113,AMEX,completed,546,2014-07-17
2935,AMEX,scheduled,547,2014-11-23
211,visa,completed,548,2014-07-10
1166,visa,scheduled,549,2014-07-30
1251,visa,completed,550,2014-06-24
2579,visa,cancelled,551,2014-10-08
2666,AMEX,completed,552,2014-11-26
2751,AMEX,scheduled,553,2014-05-21
2879,AMEX,scheduled,554,2014-05-29
1346,visa,completed,555,2015-01-03
2585,visa,scheduled,556,2015-01-10
2846,visa,cancelled,557,2014-12-24
178,mastercard,completed,558,2014-12-04
995,mastercard,scheduled,559,2014-08-30
1678,mastercard,completed,560,2014-12-23
1698,visa,cancelled,561,2014-11-13
1965,AMEX,cancelled,562,2014-07-15
2081,visa,scheduled,563,2014-12-02
2495,mastercard,completed,564,2014-10-23
2986,AMEX,completed,565,2014-08-21
511,visa,scheduled,566,2014-10-03
1279,AMEX,scheduled,567,2014-06-25
1509,AMEX,completed,568,2014-07-24
1604,visa,scheduled,569,2014-08-29
2209,mastercard,completed,570,2014-11-24
2319,mastercard,scheduled,571,2014-05-01
2626,AMEX,scheduled,572,2015-01-08
2723,AMEX,completed,573,2014-09-22
2903,visa,completed,574,2014-06-20
2984,AMEX,scheduled,575,2014-06-21
458,AMEX,cancelled,576,2014-08-04
590,mastercard,scheduled,577,2014-11-07
827,mastercard,completed,578,2014-12-02
2090,visa,scheduled,579,2015-02-16
2316,visa,scheduled,580,2014-05-15
2327,mastercard,completed,581,2015-01-10
2394,visa,cancelled,582,2014-11-29
2758,visa,cancelled,583,2014-10-08
288,mastercard,scheduled,584,2014-09-23
846,visa,completed,585,2014-12-02
1138,AMEX,cancelled,586,2014-07-18
1357,visa,scheduled,587,2014-07-16
2264,visa,cancelled,588,2014-08-05
2346,visa,scheduled,589,2014-07-24
2594,mastercard,completed,590,2014-11-30
2638,visa,completed,591,2014-08-30
2913,visa,completed,592,2015-02-03
6,mastercard,scheduled,593,2014-11-22
383,mastercard,scheduled,594,2014-07-30
1028,mastercard,scheduled,595,2014-07-06
1257,visa,completed,596,2014-10-02
1506,visa,scheduled,597,2014-12-07
1727,visa,scheduled,598,2014-12-03
1806,mastercard,completed,599,2014-08-10
2528,AMEX,scheduled,600,2014-10-15
2757,mastercard,completed,601,2014-12-23
2760,visa,completed,602,2014-11-29
2882,mastercard,cancelled,603,2014-10-13
385,visa,scheduled,604,2014-11-10
552,AMEX,completed,605,2014-10-26
620,mastercard,cancelled,606,2014-09-26
1367,AMEX,scheduled,607,2014-12-27
2137,mastercard,cancelled,608,2014-05-17
2150,visa,scheduled,609,2014-11-19
2518,AMEX,completed,610,2014-12-07
2867,visa,scheduled,611,2014-06-10
59,visa,scheduled,612,2014-10-19
303,AMEX,cancelled,613,2014-09-18
462,visa,cancelled,614,2014-10-10
692,AMEX,completed,615,2014-11-25
1026,AMEX,completed,616,2014-07-10
1803,visa,completed,617,2015-01-04
2065,visa,scheduled,618,2014-08-17
2526,visa,completed,619,2015-02-09
2708,AMEX,scheduled,620,2014-12-11
2822,visa,completed,621,2014-09-18
47,mastercard,completed,622,2014-10-14
206,AMEX,completed,623,2014-10-10
959,visa,scheduled,624,2015-02-17
1035,visa,scheduled,625,2014-08-23
1127,visa,scheduled,626,2014-08-24
1431,AMEX,completed,627,2014-10-07
1547,mastercard,scheduled,628,2014-08-14
2169,mastercard,cancelled,629,2014-08-16
2201,mastercard,cancelled,630,2014-07-14
2386,AMEX,scheduled,631,2014-05-24
2535,mastercard,completed,632,2014-12-15
2627,visa,cancelled,633,2014-10-20
2931,visa,completed,634,2014-09-05
2971,mastercard,scheduled,635,2014-09-04
89,AMEX,scheduled,636,2014-11-27
311,visa,cancelled,637,2014-09-15
440,visa,scheduled,638,2014-10-25
1811,visa,completed,639,2014-12-17
1940,mastercard,completed,640,2014-08-06
2073,visa,scheduled,641,2015-01-31
2106,AMEX,cancelled,642,2015-01-16
2248,mastercard,completed,643,2014-11-07
2850,AMEX,scheduled,644,2014-11-22
2883,mastercard,cancelled,645,2014-10-02
3,visa,scheduled,646,2014-08-20
281,visa,scheduled,647,2014-11-12
388,AMEX,scheduled,648,2014-11-16
823,visa,cancelled,649,2014-11-08
900,visa,scheduled,650,2014-07-25
1161,visa,completed,651,2014-09-05
1503,visa,completed,652,2015-01-08
2323,AMEX,scheduled,653,2014-09-12
2400,visa,completed,654,2015-01-15
2514,mastercard,scheduled,655,2015-01-31
2694,mastercard,completed,656,2015-01-19
43,visa,scheduled,657,2014-11-27
208,mastercard,completed,658,2014-09-21
363,visa,completed,659,2014-10-12
1031,mastercard,scheduled,660,2014-10-18
1034,visa,scheduled,661,2015-01-19
1195,visa,completed,662,2014-06-24
1453,visa,completed,663,2014-08-20
1543,visa,completed,664,2014-12-16
2534,AMEX,completed,665,2014-11-13
2566,visa,completed,666,2014-11-27
2695,AMEX,cancelled,667,2015-01-06
2953,mastercard,completed,668,2014-05-13
2996,mastercard,scheduled,669,2014-11-02
108,mastercard,completed,670,2014-07-29
168,visa,scheduled,671,2014-06-13
238,mastercard,completed,672,2014-09-28
305,AMEX,completed,673,2014-10-30
449,visa,scheduled,674,2014-11-17
630,visa,scheduled,675,2014-10-02
1608,visa,completed,676,2014-07-19
1738,visa,completed,677,2014-11-27
2034,mastercard,completed,678,2014-10-09
2130,mastercard,cancelled,679,2014-12-01
2312,visa,completed,680,2014-10-01
2431,visa,scheduled,681,2014-12-26
2455,mastercard,scheduled,682,2014-09-30
567,visa,completed,683,2014-11-21
600,visa,completed,684,2014-10-26
1115,visa,cancelled,685,2014-11-28
1348,visa,completed,686,2014-07-06
1529,visa,scheduled,687,2014-11-27
1995,mastercard,scheduled,688,2014-10-22
2100,visa,scheduled,689,2014-12-18
273,visa,scheduled,690,2014-09-06
603,mastercard,scheduled,691,2014-10-01
817,AMEX,scheduled,692,2014-09-25
1761,mastercard,cancelled,693,2014-10-19
1987,AMEX,scheduled,694,2015-01-04
2074,mastercard,cancelled,695,2014-07-14
2295,AMEX,completed,696,2014-06-26
2460,visa,scheduled,697,2014-11-11
562,visa,completed,698,2014-08-19
2062,visa,scheduled,699,2014-10-23
2066,mastercard,completed,700,2014-08-29
2553,AMEX,completed,701,2014-07-11
2784,mastercard,scheduled,702,2014-05-18
803,visa,cancelled,703,2014-09-15
866,mastercard,scheduled,704,2015-01-05
991,mastercard,completed,705,2014-06-14
2265,AMEX,scheduled,706,2014-10-01
2303,mastercard,scheduled,707,2015-01-13
2366,mastercard,scheduled,708,2014-12-11
2680,mastercard,cancelled,709,2014-12-18
1112,visa,completed,710,2014-07-28
1424,mastercard,scheduled,711,2014-11-13
1674,mastercard,scheduled,712,2014-10-11
1801,visa,completed,713,2014-08-11
1930,AMEX,cancelled,714,2014-11-26
2208,mastercard,completed,715,2014-07-23
2612,visa,cancelled,716,2014-07-14
2924,mastercard,cancelled,717,2014-11-21
593,mastercard,scheduled,718,2014-11-07
1130,visa,scheduled,719,2014-09-20
1250,visa,completed,720,2014-09-22
1539,mastercard,scheduled,721,2014-09-29
1725,mastercard,scheduled,722,2014-12-20
1938,AMEX,scheduled,723,2014-09-28
1993,AMEX,scheduled,724,2014-09-29
2003,AMEX,scheduled,725,2014-11-08
2006,visa,cancelled,726,2014-11-28
2630,visa,scheduled,727,2014-11-05
2715,visa,cancelled,728,2014-05-24
2861,visa,scheduled,729,2014-07-08
2987,mastercard,completed,730,2014-05-31
5,mastercard,cancelled,731,2014-06-11
742,AMEX,scheduled,732,2014-12-07
1118,visa,cancelled,733,2014-08-17
1187,mastercard,cancelled,734,2014-10-14
1228,visa,completed,735,2014-09-09
1310,mastercard,scheduled,736,2015-02-09
1439,mastercard,completed,737,2014-09-04
1505,mastercard,scheduled,738,2014-05-09
1918,visa,scheduled,739,2014-12-06
2242,mastercard,cancelled,740,2014-11-09
2618,AMEX,scheduled,741,2015-01-02
2728,AMEX,completed,742,2014-12-06
2939,visa,scheduled,743,2014-12-20
529,visa,completed,744,2014-09-29
1459,visa,completed,745,2014-11-04
2029,mastercard,completed,746,2014-12-02
2439,visa,completed,747,2014-11-19
2808,AMEX,cancelled,748,2014-12-28
2959,visa,completed,749,2014-10-23
203,visa,scheduled,750,2014-09-29
941,visa,completed,751,2014-06-08
1025,mastercard,cancelled,752,2014-11-06
1644,mastercard,completed,753,2015-01-10
1703,visa,completed,754,2014-12-02
1908,mastercard,scheduled,755,2014-07-06
1971,visa,scheduled,756,2015-01-22
2464,AMEX,scheduled,757,2014-09-01
393,visa,scheduled,758,2014-11-04
1083,mastercard,completed,759,2014-08-20
1625,mastercard,scheduled,760,2014-08-17
2270,mastercard,completed,761,2014-11-19
2372,visa,completed,762,2015-01-11
2565,visa,scheduled,763,2015-01-27
2583,visa,scheduled,764,2014-12-11
2910,AMEX,cancelled,765,2014-11-02
74,visa,completed,766,2014-11-22
1332,AMEX,completed,767,2014-06-07
1341,visa,completed,768,2014-11-01
1574,AMEX,completed,769,2015-01-10
1740,mastercard,cancelled,770,2014-08-10
2705,visa,completed,771,2014-09-16
236,visa,completed,772,2014-09-15
652,mastercard,scheduled,773,2014-10-03
695,AMEX,completed,774,2014-11-21
850,visa,scheduled,775,2014-06-26
1309,visa,scheduled,776,2014-08-20
1415,visa,completed,777,2014-08-21
1483,AMEX,completed,778,2014-07-11
2152,mastercard,cancelled,779,2014-09-06
2350,AMEX,scheduled,780,2014-12-08
2809,AMEX,scheduled,781,2014-10-11
2915,AMEX,completed,782,2014-09-26
2981,mastercard,cancelled,783,2014-10-19
2983,mastercard,completed,784,2014-07-31
193,AMEX,scheduled,785,2014-12-09
346,mastercard,completed,786,2014-11-10
454,mastercard,scheduled,787,2014-12-08
775,AMEX,cancelled,788,2014-08-03
1606,visa,scheduled,789,2014-08-27
1906,mastercard,cancelled,790,2014-12-21
1954,mastercard,completed,791,2014-08-23
2275,AMEX,cancelled,792,2014-10-07
640,visa,cancelled,793,2014-09-04
838,AMEX,scheduled,794,2014-11-12
1301,mastercard,scheduled,795,2014-06-20
1417,visa,completed,796,2014-08-29
1910,visa,scheduled,797,2014-12-07
2140,visa,cancelled,798,2015-01-10
2338,AMEX,scheduled,799,2014-07-28
2354,AMEX,scheduled,800,2014-10-13
2646,visa,completed,801,2014-10-12
2801,mastercard,completed,802,2014-07-20
183,visa,completed,803,2014-12-03
851,AMEX,scheduled,804,2014-12-05
1179,mastercard,completed,805,2015-01-05
1683,AMEX,scheduled,806,2014-12-28
2014,AMEX,scheduled,807,2014-11-23
37,AMEX,completed,808,2014-11-04
442,mastercard,scheduled,809,2014-08-06
616,visa,completed,810,2014-09-03
834,visa,completed,811,2014-07-19
1601,visa,completed,812,2014-11-20
1718,visa,scheduled,813,2014-12-01
1970,mastercard,completed,814,2014-10-24
2116,visa,cancelled,815,2015-02-10
2334,AMEX,scheduled,816,2014-09-08
220,visa,completed,817,2014-09-04
641,visa,scheduled,818,2014-12-03
928,AMEX,scheduled,819,2014-09-25
1407,visa,scheduled,820,2014-11-12
1491,visa,scheduled,821,2014-10-06
1584,visa,scheduled,822,2014-09-17
2041,visa,scheduled,823,2015-02-04
2422,visa,scheduled,824,2014-06-25
2428,AMEX,completed,825,2015-02-16
2907,mastercard,scheduled,826,2014-10-14
63,AMEX,cancelled,827,2014-11-19
1096,AMEX,completed,828,2014-07-10
1139,visa,scheduled,829,2014-12-24
1515,mastercard,completed,830,2014-11-27
2231,visa,scheduled,831,2014-10-20
2561,mastercard,scheduled,832,2014-12-10
2596,AMEX,cancelled,833,2014-12-24
2639,AMEX,scheduled,834,2014-12-18
8,mastercard,cancelled,835,2014-08-26
667,mastercard,completed,836,2015-01-10
1401,mastercard,completed,837,2014-06-22
1508,visa,completed,838,2014-05-25
1950,visa,completed,839,2014-10-12
2373,AMEX,completed,840,2015-01-31
2901,visa,scheduled,841,2014-08-22
145,visa,scheduled,842,2014-11-21
780,visa,scheduled,843,2014-12-30
987,mastercard,scheduled,844,2014-12-24
1645,visa,scheduled,845,2014-11-29
2187,mastercard,cancelled,846,2014-08-20
2487,mastercard,scheduled,847,2015-01-29
2792,visa,completed,848,2014-08-05
500,visa,completed,849,2014-06-02
774,visa,scheduled,850,2014-11-25
1421,visa,completed,851,2015-02-20
1752,mastercard,completed,852,2014-08-30
2223,AMEX,scheduled,853,2015-02-07
2490,visa,completed,854,2014-09-26
2892,AMEX,scheduled,855,2014-10-22
280,visa,completed,856,2014-11-26
286,visa,scheduled,857,2014-09-26
424,AMEX,scheduled,858,2014-10-22
649,visa,completed,859,2014-09-26
1116,visa,completed,860,2015-02-07
1291,visa,scheduled,861,2014-09-08
1638,mastercard,completed,862,2014-08-13
1661,AMEX,scheduled,863,2015-01-11
1786,AMEX,completed,864,2014-10-11
2181,visa,completed,865,2014-08-31
2474,mastercard,scheduled,866,2014-08-06
2616,visa,scheduled,867,2014-11-28
2645,visa,completed,868,2014-07-24
2791,visa,completed,869,2015-01-03
596,visa,scheduled,870,2014-11-13
686,visa,completed,871,2014-12-27
777,AMEX,cancelled,872,2014-08-14
1027,visa,cancelled,873,2014-06-20
1240,visa,completed,874,2014-08-11
1545,visa,scheduled,875,2014-11-06
2124,visa,completed,876,2014-09-01
2186,visa,scheduled,877,2015-01-05
2527,mastercard,completed,878,2014-08-06
131,mastercard,scheduled,879,2014-10-09
259,AMEX,completed,880,2014-11-13
300,AMEX,scheduled,881,2014-07-29
903,visa,cancelled,882,2014-12-31
1106,visa,scheduled,883,2014-11-26
1329,visa,completed,884,2014-12-01
1441,visa,completed,885,2014-08-21
1759,mastercard,scheduled,886,2014-11-11
1779,AMEX,cancelled,887,2014-12-01
1800,AMEX,scheduled,888,2014-07-28
1931,mastercard,scheduled,889,2015-01-22
2108,mastercard,cancelled,890,2014-08-31
2268,AMEX,scheduled,891,2014-08-04
2289,mastercard,completed,892,2014-07-19
2403,visa,completed,893,2014-06-22
2621,visa,scheduled,894,2015-02-07
122,AMEX,completed,895,2014-09-09
156,visa,completed,896,2014-10-12
188,mastercard,completed,897,2014-10-05
459,AMEX,completed,898,2014-09-11
528,visa,completed,899,2014-10-02
1583,AMEX,scheduled,900,2014-05-11
1622,AMEX,scheduled,901,2014-07-20
1688,mastercard,scheduled,902,2014-07-27
1959,mastercard,cancelled,903,2015-01-12
2210,visa,completed,904,2014-09-24
2828,mastercard,scheduled,905,2014-10-26
2977,visa,completed,906,2014-05-06
96,mastercard,scheduled,907,2014-12-15
312,mastercard,completed,908,2014-12-21
436,AMEX,cancelled,909,2014-09-14
518,AMEX,cancelled,910,2014-10-11
524,AMEX,completed,911,2014-10-13
1242,AMEX,scheduled,912,2015-02-15
1469,visa,completed,913,2014-12-22
1936,visa,completed,914,2014-12-10
1975,mastercard,scheduled,915,2014-11-19
2018,visa,completed,916,2014-08-21
2024,mastercard,cancelled,917,2014-06-01
2053,visa,completed,918,2014-05-21
2969,mastercard,cancelled,919,2014-07-07
53,mastercard,scheduled,920,2014-10-25
79,AMEX,scheduled,921,2014-09-26
154,mastercard,completed,922,2014-09-30
625,visa,completed,923,2014-09-20
706,visa,completed,924,2014-10-11
1184,AMEX,scheduled,925,2014-09-04
1338,visa,completed,926,2014-08-17
2107,mastercard,completed,927,2015-01-05
2125,visa,scheduled,928,2014-06-29
2206,AMEX,cancelled,929,2014-07-07
2259,mastercard,completed,930,2015-01-18
2449,mastercard,scheduled,931,2014-10-27
210,visa,scheduled,932,2014-11-15
390,visa,cancelled,933,2014-10-25
809,AMEX,scheduled,934,2014-07-23
848,visa,scheduled,935,2014-09-29
869,visa,scheduled,936,2014-11-22
1438,mastercard,scheduled,937,2014-10-19
1627,visa,completed,938,2014-09-18
1682,AMEX,cancelled,939,2014-12-11
1710,visa,completed,940,2014-06-01
2348,visa,scheduled,941,2014-10-27
2369,visa,completed,942,2014-07-10
2938,visa,cancelled,943,2014-07-08
72,mastercard,completed,944,2014-10-20
99,visa,completed,945,2014-11-11
102,visa,completed,946,2014-09-10
176,mastercard,completed,947,2014-12-04
195,mastercard,completed,948,2014-08-02
256,visa,completed,949,2014-09-20
298,visa,scheduled,950,2014-09-05
1419,visa,scheduled,951,2014-09-10
1448,visa,scheduled,952,2014-11-12
1550,mastercard,scheduled,953,2014-09-01
1695,visa,cancelled,954,2014-08-16
1756,visa,completed,955,2014-09-14
1777,AMEX,cancelled,956,2014-07-18
1798,mastercard,completed,957,2014-12-12
2919,visa,scheduled,958,2014-08-11
2948,AMEX,scheduled,959,2014-12-18
180,AMEX,completed,960,2014-11-21
588,visa,scheduled,961,2014-11-12
1239,mastercard,scheduled,962,2014-07-23
1581,mastercard,scheduled,963,2014-11-02
1945,AMEX,scheduled,964,2014-11-01
2468,AMEX,cancelled,965,2014-05-24
2502,mastercard,scheduled,966,2014-12-11
2739,AMEX,cancelled,967,2015-01-17
141,visa,scheduled,968,2014-12-05
796,AMEX,cancelled,969,2014-12-23
1425,visa,completed,970,2014-09-15
1482,AMEX,scheduled,971,2014-06-18
1568,visa,scheduled,972,2014-08-15
1641,visa,completed,973,2014-12-05
2250,mastercard,scheduled,974,2014-12-10
2296,visa,scheduled,975,2014-05-09
2488,visa,scheduled,976,2014-06-05
2523,mastercard,completed,977,2014-11-21
2864,visa,cancelled,978,2014-09-12
95,AMEX,completed,979,2014-08-09
451,AMEX,completed,980,2014-09-14
897,visa,scheduled,981,2014-06-12
1333,mastercard,completed,982,2014-08-07
1334,visa,scheduled,983,2014-12-11
1416,visa,completed,984,2015-01-20
1461,visa,completed,985,2014-11-19
1595,visa,completed,986,2014-07-20
1951,mastercard,scheduled,987,2014-11-04
2798,AMEX,completed,988,2014-10-01
2833,visa,scheduled,989,2014-12-11
2854,mastercard,completed,990,2014-10-29
898,visa,scheduled,991,2014-06-27
1104,AMEX,completed,992,2014-11-02
1236,AMEX,cancelled,993,2014-09-11
1282,visa,completed,994,2014-08-02
1405,visa,scheduled,995,2014-11-29
1762,visa,completed,996,2015-01-26
2604,mastercard,scheduled,997,2014-07-02
2782,mastercard,cancelled,998,2015-01-05
2905,AMEX,scheduled,999,2014-09-29
76,visa,cancelled,1000,2014-11-17
658,visa,cancelled,1001,2014-10-19
820,AMEX,completed,1002,2014-11-08
865,visa,scheduled,1003,2014-11-29
1191,AMEX,scheduled,1004,2014-12-30
1232,AMEX,completed,1005,2014-12-12
1264,visa,scheduled,1006,2014-04-28
2320,visa,completed,1007,2015-02-19
2438,mastercard,completed,1008,2014-06-10
2556,mastercard,cancelled,1009,2015-01-24
2691,AMEX,completed,1010,2014-11-29
2968,visa,scheduled,1011,2014-11-29
55,visa,cancelled,1012,2014-09-14
112,AMEX,scheduled,1013,2014-09-10
875,visa,completed,1014,2014-08-17
1252,visa,scheduled,1015,2014-10-26
1281,mastercard,completed,1016,2014-07-29
1362,visa,completed,1017,2014-08-21
1414,visa,scheduled,1018,2014-12-24
1555,mastercard,completed,1019,2014-07-15
1612,visa,scheduled,1020,2014-11-29
2072,visa,completed,1021,2014-10-21
2104,mastercard,scheduled,1022,2014-07-22
2752,visa,completed,1023,2015-02-19
2781,mastercard,completed,1024,2014-11-24
2862,mastercard,completed,1025,2014-11-23
2914,AMEX,scheduled,1026,2014-12-24
677,AMEX,completed,1027,2014-12-12
1168,AMEX,completed,1028,2014-06-27
1238,visa,scheduled,1029,2014-12-26
1479,AMEX,completed,1030,2014-05-30
2177,visa,scheduled,1031,2014-09-30
2668,visa,scheduled,1032,2014-08-31
2696,visa,cancelled,1033,2014-12-21
2762,visa,scheduled,1034,2014-12-11
2821,mastercard,scheduled,1035,2014-07-21
2979,mastercard,completed,1036,2014-08-12
223,visa,scheduled,1037,2014-07-23
767,visa,scheduled,1038,2014-06-14
1089,AMEX,cancelled,1039,2015-02-03
2194,visa,completed,1040,2014-12-21
2267,visa,completed,1041,2014-12-05
2589,mastercard,completed,1042,2014-11-23
302,AMEX,completed,1043,2014-09-03
676,visa,completed,1044,2015-01-25
732,mastercard,completed,1045,2014-06-28
1802,visa,cancelled,1046,2014-08-25
1923,AMEX,scheduled,1047,2015-01-29
2232,AMEX,scheduled,1048,2014-09-07
2313,AMEX,cancelled,1049,2015-01-26
2702,visa,scheduled,1050,2014-10-30
2975,AMEX,scheduled,1051,2014-10-16
40,AMEX,cancelled,1052,2014-12-06
773,AMEX,scheduled,1053,2014-10-02
2273,mastercard,scheduled,1054,2014-09-16
2888,visa,completed,1055,2014-07-13
2990,AMEX,scheduled,1056,2015-01-05
319,visa,completed,1057,2014-11-03
925,visa,cancelled,1058,2014-11-12
1098,visa,completed,1059,2014-06-30
1103,visa,cancelled,1060,2014-10-09
1247,visa,completed,1061,2015-01-09
1905,AMEX,completed,1062,2014-09-15
2318,visa,cancelled,1063,2014-07-26
2450,visa,cancelled,1064,2014-12-10
2477,mastercard,completed,1065,2014-07-26
1233,visa,scheduled,1066,2014-10-08
1358,AMEX,completed,1067,2014-08-01
1433,AMEX,scheduled,1068,2015-01-14
1726,mastercard,scheduled,1069,2014-11-01
2733,visa,scheduled,1070,2014-08-08
2858,AMEX,scheduled,1071,2014-09-10
2933,mastercard,cancelled,1072,2014-06-30
157,mastercard,scheduled,1073,2014-10-20
215,AMEX,scheduled,1074,2014-10-12
919,visa,scheduled,1075,2014-07-02
1440,visa,scheduled,1076,2014-07-11
1657,visa,scheduled,1077,2014-07-11
1715,visa,completed,1078,2014-09-16
2419,mastercard,scheduled,1079,2014-09-21
2940,mastercard,scheduled,1080,2015-01-09
16,visa,scheduled,1081,2014-11-05
116,visa,scheduled,1082,2014-09-22
1220,AMEX,scheduled,1083,2014-09-11
1552,mastercard,completed,1084,2014-12-12
2084,mastercard,completed,1085,2014-10-08
2266,mastercard,scheduled,1086,2015-01-14
2363,mastercard,scheduled,1087,2014-07-25
2404,visa,scheduled,1088,2014-09-14
2720,mastercard,completed,1089,2014-09-09
2902,AMEX,scheduled,1090,2015-02-17
661,visa,scheduled,1091,2014-10-06
747,AMEX,cancelled,1092,2014-09-15
1210,visa,completed,1093,2014-09-09
1452,AMEX,scheduled,1094,2014-11-25
2247,visa,cancelled,1095,2014-11-24
2256,mastercard,scheduled,1096,2014-10-28
2799,mastercard,completed,1097,2015-02-01
2928,AMEX,scheduled,1098,2014-07-05
1170,visa,scheduled,1099,2014-07-07
1188,mastercard,completed,1100,2014-10-25
1470,visa,completed,1101,2014-09-21
2310,AMEX,completed,1102,2014-11-18
2622,visa,scheduled,1103,2014-07-02
2665,mastercard,completed,1104,2015-02-14
2970,visa,cancelled,1105,2014-11-07
152,AMEX,scheduled,1106,2014-11-16
648,visa,completed,1107,2014-09-29
862,visa,scheduled,1108,2014-10-04
1063,mastercard,scheduled,1109,2014-10-23
1652,mastercard,completed,1110,2014-05-09
2563,AMEX,completed,1111,2014-09-08
2699,visa,scheduled,1112,2014-10-11
2709,visa,cancelled,1113,2014-09-27
274,AMEX,scheduled,1114,2014-11-30
522,visa,completed,1115,2014-09-22
525,mastercard,completed,1116,2014-09-15
1045,mastercard,completed,1117,2014-11-15
1331,mastercard,completed,1118,2014-10-08
1774,visa,scheduled,1119,2014-07-06
2022,mastercard,cancelled,1120,2014-07-10
2545,AMEX,completed,1121,2014-09-11
270,visa,scheduled,1122,2014-08-26
417,mastercard,completed,1123,2014-12-16
733,visa,completed,1124,2015-01-15
1349,visa,scheduled,1125,2014-06-27
1444,mastercard,completed,1126,2014-10-04
1758,mastercard,completed,1127,2014-12-21
1770,visa,scheduled,1128,2014-09-28
1917,visa,scheduled,1129,2014-06-04
2032,visa,completed,1130,2015-01-20
2944,mastercard,scheduled,1131,2014-11-20
2988,mastercard,scheduled,1132,2014-07-03
1189,AMEX,completed,1133,2014-10-26
1366,mastercard,completed,1134,2014-11-23
1426,visa,completed,1135,2014-08-25
1978,visa,scheduled,1136,2014-07-22
2689,AMEX,completed,1137,2014-08-13
2949,mastercard,completed,1138,2015-01-02
2974,mastercard,completed,1139,2014-09-17
114,visa,scheduled,1140,2014-10-05
1551,mastercard,completed,1141,2015-01-12
2180,AMEX,cancelled,1142,2014-06-22
241,mastercard,scheduled,1143,2014-11-08
730,visa,completed,1144,2014-10-25
1111,mastercard,completed,1145,2014-11-15
1129,visa,scheduled,1146,2014-07-25
2230,mastercard,completed,1147,2014-10-23
2611,visa,scheduled,1148,2014-06-08
2629,visa,scheduled,1149,2015-02-08
2652,visa,cancelled,1150,2014-12-21
2807,mastercard,scheduled,1151,2014-07-17
409,visa,scheduled,1152,2014-10-15
665,AMEX,scheduled,1153,2014-10-07
672,mastercard,completed,1154,2014-11-27
1151,mastercard,completed,1155,2014-08-01
1245,visa,scheduled,1156,2015-02-27
2165,visa,completed,1157,2014-06-27
2172,mastercard,scheduled,1158,2014-07-01
2236,visa,completed,1159,2014-11-20
2330,visa,scheduled,1160,2014-11-07
2651,visa,cancelled,1161,2014-07-04
2936,AMEX,completed,1162,2014-10-31
845,visa,completed,1163,2015-02-09
1029,mastercard,completed,1164,2014-08-15
1293,visa,completed,1165,2014-10-02
1404,visa,completed,1166,2014-06-02
2086,visa,completed,1167,2014-12-18
2099,mastercard,completed,1168,2014-11-30
2299,mastercard,cancelled,1169,2014-11-06
2345,visa,completed,1170,2014-11-06
2370,visa,cancelled,1171,2014-12-16
2504,visa,completed,1172,2014-07-23
2529,AMEX,scheduled,1173,2014-12-20
2904,visa,completed,1174,2015-01-15
722,visa,completed,1175,2015-01-18
797,visa,completed,1176,2015-02-23
1494,visa,scheduled,1177,2015-01-26
1831,AMEX,scheduled,1178,2014-12-17
1972,visa,completed,1179,2014-12-26
2297,visa,scheduled,1180,2014-07-26
2509,mastercard,completed,1181,2014-11-01
3000,mastercard,completed,1182,2014-04-23
787,visa,scheduled,1183,2014-11-16
1465,visa,completed,1184,2015-01-24
2075,visa,completed,1185,2014-05-27
2407,visa,cancelled,1186,2014-10-31
2413,AMEX,scheduled,1187,2014-10-06
2878,AMEX,completed,1188,2014-09-26
2965,AMEX,scheduled,1189,2014-10-02
30,visa,scheduled,1190,2014-09-14
571,visa,cancelled,1191,2014-08-25
1095,visa,completed,1192,2014-09-03
1530,visa,completed,1193,2015-01-30
2071,mastercard,completed,1194,2014-09-16
2143,visa,scheduled,1195,2014-08-20
2262,AMEX,scheduled,1196,2014-10-03
230,mastercard,completed,1197,2014-11-19
654,visa,scheduled,1198,2014-11-08
828,mastercard,cancelled,1199,2014-07-04
1730,visa,scheduled,1200,2014-12-29
2506,visa,scheduled,1201,2014-07-30
2575,AMEX,scheduled,1202,2015-01-03
2942,mastercard,cancelled,1203,2014-09-10
433,AMEX,completed,1204,2014-10-10
460,visa,cancelled,1205,2014-08-04
639,AMEX,scheduled,1206,2014-08-31
1055,mastercard,scheduled,1207,2014-12-05
1450,visa,completed,1208,2015-01-24
1933,visa,scheduled,1209,2015-01-23
2139,mastercard,scheduled,1210,2014-06-05
2213,mastercard,scheduled,1211,2014-12-02
2360,visa,completed,1212,2015-01-02
2479,mastercard,completed,1213,2014-10-13
2492,AMEX,scheduled,1214,2014-08-14
2555,visa,completed,1215,2014-12-23
2557,mastercard,cancelled,1216,2014-07-06
2744,mastercard,completed,1217,2014-11-26
172,mastercard,scheduled,1218,2014-10-16
981,visa,completed,1219,2015-01-03
1268,visa,scheduled,1220,2014-12-01
1278,AMEX,completed,1221,2014-06-04
1352,visa,scheduled,1222,2014-08-04
2481,AMEX,completed,1223,2014-12-06
2768,AMEX,cancelled,1224,2014-12-25
2778,mastercard,completed,1225,2015-02-08
2852,mastercard,scheduled,1226,2014-06-19
121,AMEX,scheduled,1227,2014-10-07
224,mastercard,completed,1228,2014-11-25
422,visa,completed,1229,2014-10-03
673,mastercard,completed,1230,2014-12-10
749,mastercard,scheduled,1231,2014-07-21
889,visa,scheduled,1232,2015-01-24
1231,mastercard,cancelled,1233,2014-09-08
1243,visa,scheduled,1234,2014-10-11
1458,visa,scheduled,1235,2014-12-17
1621,mastercard,completed,1236,2014-09-14
2173,visa,cancelled,1237,2015-01-11
2249,mastercard,completed,1238,2014-10-02
2389,AMEX,scheduled,1239,2015-01-04
2725,visa,scheduled,1240,2014-10-14
2731,mastercard,scheduled,1241,2014-10-06
2775,AMEX,completed,1242,2015-02-12
2958,AMEX,completed,1243,2014-12-28
146,visa,completed,1244,2014-09-10
164,visa,completed,1245,2014-09-09
785,visa,completed,1246,2014-06-27
880,AMEX,completed,1247,2015-01-17
883,mastercard,completed,1248,2014-12-08
1069,visa,scheduled,1249,2014-12-06
1078,visa,completed,1250,2014-10-28
1434,AMEX,scheduled,1251,2014-10-18
1646,mastercard,completed,1252,2014-11-22
2483,mastercard,cancelled,1253,2015-02-01
103,visa,cancelled,1254,2014-10-08
200,visa,scheduled,1255,2014-09-29
437,visa,completed,1256,2014-10-28
657,visa,cancelled,1257,2014-09-21
1052,visa,completed,1258,2014-12-18
1603,visa,scheduled,1259,2014-12-02
1700,visa,completed,1260,2014-06-25
2552,AMEX,completed,1261,2014-07-06
263,visa,scheduled,1262,2014-08-03
542,AMEX,scheduled,1263,2014-09-22
1763,AMEX,completed,1264,2014-09-26
1941,visa,scheduled,1265,2014-12-05
2010,visa,completed,1266,2014-11-07
2191,mastercard,completed,1267,2014-08-12
2376,visa,scheduled,1268,2014-07-12
621,visa,cancelled,1269,2014-10-03
628,mastercard,cancelled,1270,2014-11-28
1667,mastercard,scheduled,1271,2014-06-15
1948,visa,completed,1272,2014-09-26
2121,visa,cancelled,1273,2014-08-05
2308,mastercard,scheduled,1274,2014-12-02
2788,AMEX,completed,1275,2015-02-23
124,visa,completed,1276,2014-08-20
452,AMEX,cancelled,1277,2014-09-16
739,mastercard,completed,1278,2014-11-01
911,mastercard,scheduled,1279,2014-10-01
1952,mastercard,scheduled,1280,2014-12-21
1983,mastercard,completed,1281,2014-12-11
2087,visa,cancelled,1282,2015-02-12
2392,visa,scheduled,1283,2014-11-03
2507,AMEX,completed,1284,2014-10-25
2816,AMEX,scheduled,1285,2014-11-16
33,visa,completed,1286,2014-11-09
170,mastercard,scheduled,1287,2014-08-20
292,mastercard,scheduled,1288,2014-08-12
684,visa,cancelled,1289,2014-11-09
856,AMEX,scheduled,1290,2014-09-14
1263,visa,completed,1291,2014-08-03
1912,AMEX,completed,1292,2015-01-31
2356,AMEX,scheduled,1293,2014-10-21
2648,mastercard,scheduled,1294,2014-10-06
2763,mastercard,scheduled,1295,2014-12-08
111,mastercard,scheduled,1296,2014-08-13
688,visa,completed,1297,2014-11-03
1577,AMEX,completed,1298,2014-05-23
1611,visa,scheduled,1299,2015-02-06
2188,visa,completed,1300,2014-10-15
2647,mastercard,scheduled,1301,2014-11-22
540,mastercard,completed,1302,2014-08-12
1030,mastercard,scheduled,1303,2015-02-13
1561,visa,scheduled,1304,2014-11-03
2040,mastercard,cancelled,1305,2014-09-22
2536,mastercard,scheduled,1306,2014-07-17
2785,mastercard,completed,1307,2014-11-12
2898,mastercard,cancelled,1308,2014-07-28
895,visa,scheduled,1309,2014-06-23
1068,AMEX,cancelled,1310,2014-04-28
1420,visa,scheduled,1311,2014-11-03
1430,visa,scheduled,1312,2014-12-03
2044,visa,scheduled,1313,2014-04-24
2395,mastercard,scheduled,1314,2015-02-15
2590,AMEX,scheduled,1315,2014-10-31
2930,visa,scheduled,1316,2015-01-09
698,visa,completed,1317,2014-10-25
707,visa,scheduled,1318,2014-10-31
920,mastercard,completed,1319,2014-08-21
1259,visa,completed,1320,2014-08-05
1390,visa,scheduled,1321,2014-07-07
2198,visa,scheduled,1322,2015-01-17
2401,AMEX,scheduled,1323,2014-10-20
2414,visa,completed,1324,2015-01-25
2420,mastercard,completed,1325,2014-12-01
2890,mastercard,cancelled,1326,2014-12-04
444,visa,scheduled,1327,2014-12-05
548,AMEX,completed,1328,2014-09-25
1783,AMEX,completed,1329,2014-12-14
2048,visa,cancelled,1330,2014-11-25
2178,mastercard,completed,1331,2014-10-19
535,AMEX,scheduled,1332,2014-10-06
653,mastercard,completed,1333,2014-08-06
778,AMEX,scheduled,1334,2014-11-13
1311,mastercard,scheduled,1335,2014-11-01
1443,mastercard,scheduled,1336,2014-09-22
1755,visa,scheduled,1337,2015-02-01
2035,mastercard,completed,1338,2014-11-07
2153,visa,completed,1339,2015-01-07
2278,visa,scheduled,1340,2014-05-06
2649,mastercard,scheduled,1341,2014-12-16
2780,visa,scheduled,1342,2015-02-28
2811,AMEX,cancelled,1343,2014-10-27
2943,visa,completed,1344,2014-11-23
154,mastercard,completed,1691,2014-10-02
2500,mastercard,completed,1692,2014-09-12
2552,AMEX,completed,1693,2014-07-09
1908,mastercard,completed,1694,2014-07-10
1959,mastercard,completed,1695,2015-01-17
2194,visa,completed,1696,2014-12-26
2116,visa,completed,1697,2015-02-17
916,visa,completed,1698,2014-09-08
2490,visa,completed,1699,2014-10-04
2561,mastercard,completed,1700,2014-12-19
1535,mastercard,completed,1701,2014-09-04
730,visa,completed,1702,2014-11-04
1667,mastercard,completed,1703,2014-06-25
2749,mastercard,completed,1704,2014-09-14
303,AMEX,completed,1705,2014-09-29
2940,mastercard,completed,1706,2015-01-23
2836,mastercard,completed,1707,2014-11-02
1103,visa,completed,1708,2014-10-24
1170,visa,completed,1709,2014-07-23
1348,visa,completed,1710,2014-07-24
1710,visa,completed,1711,2014-06-19
2970,visa,completed,1712,2014-11-26
1104,AMEX,completed,1713,2014-11-21
2223,AMEX,completed,1714,2015-02-26
1501,mastercard,completed,1715,2014-12-03
1287,visa,completed,1716,2015-01-17
105,mastercard,completed,1717,2014-10-01
1426,visa,completed,1718,2014-09-17
796,AMEX,completed,1719,2015-01-17
1386,mastercard,completed,1720,2014-07-30
2347,AMEX,completed,1721,2014-11-14
2835,mastercard,completed,1722,2014-12-14
2633,visa,completed,1723,2014-10-02
500,visa,completed,1724,2014-06-30
2506,visa,completed,1725,2014-08-28
1547,mastercard,completed,1726,2014-09-13
1173,mastercard,completed,1727,2014-07-07
2808,AMEX,completed,1728,2015-01-28
1310,mastercard,completed,1729,2015-03-12
1271,mastercard,completed,1730,2014-08-18
1274,mastercard,completed,1731,2015-01-09
1612,visa,completed,1732,2014-12-31
1722,visa,completed,1733,2014-07-01
446,visa,completed,1734,2014-09-27
1767,mastercard,completed,1735,2014-07-29
1779,AMEX,completed,1736,2015-01-06
2656,visa,completed,1737,2015-02-15
40,AMEX,completed,1738,2015-01-13
2024,mastercard,completed,1739,2014-07-09
1554,visa,completed,1740,2015-01-13
629,mastercard,completed,1741,2014-11-30
2250,mastercard,completed,1742,2015-01-19
2102,visa,completed,1743,2014-09-28
2892,AMEX,completed,1744,2014-12-01
794,mastercard,completed,1745,2015-01-14
649,visa,completed,1746,2014-11-06
1721,AMEX,completed,1747,2014-11-12
614,AMEX,completed,1748,2014-12-15
72,mastercard,completed,1749,2014-12-02
728,visa,completed,1750,2014-10-07
567,visa,completed,1751,2015-01-04
2423,visa,completed,1752,2015-01-30
1966,mastercard,completed,1753,2014-08-21
1993,AMEX,completed,1754,2014-11-13
1515,mastercard,completed,1755,2015-01-11
2505,visa,completed,1756,2014-07-17
2457,AMEX,completed,1757,2015-02-05
2689,AMEX,completed,1758,2014-10-01
961,visa,completed,1759,2014-10-03
88,visa,completed,1760,2015-01-03
2752,visa,completed,1761,2015-04-11
1645,visa,completed,1762,2015-01-19
1385,AMEX,completed,1763,2014-11-26
1187,mastercard,completed,1764,2014-12-05
1220,AMEX,completed,1765,2014-11-02
1764,visa,completed,1766,2014-07-02
1831,AMEX,completed,1767,2015-02-07
436,AMEX,completed,1768,2014-11-05
2859,mastercard,scheduled,1769,2014-10-22
2019,visa,scheduled,1770,2014-11-15
2690,mastercard,scheduled,1771,2015-01-16
2958,AMEX,scheduled,1772,2015-02-22
2320,visa,scheduled,1773,2015-04-16
2257,mastercard,scheduled,1774,2015-01-08
2712,visa,scheduled,1775,2015-02-12
1542,visa,scheduled,1776,2014-07-10
1293,visa,scheduled,1777,2014-12-01
2146,mastercard,scheduled,1778,2015-03-25
201,mastercard,scheduled,1779,2014-10-04
2416,mastercard,scheduled,1780,2015-01-29
1783,AMEX,scheduled,1781,2015-02-15
2495,mastercard,scheduled,1782,2014-12-26
263,visa,scheduled,1783,2014-10-06
1506,visa,scheduled,1784,2015-02-10
2225,mastercard,scheduled,1785,2014-11-15
563,visa,scheduled,1786,2014-11-11
111,mastercard,scheduled,1787,2014-10-18
2308,mastercard,scheduled,1788,2015-02-06
2162,mastercard,scheduled,1789,2015-05-02
820,AMEX,scheduled,1790,2015-01-15
183,visa,scheduled,1791,2015-02-09
308,mastercard,scheduled,1792,2014-12-18
1111,mastercard,scheduled,1793,2015-01-23
504,visa,scheduled,1794,2014-11-16
146,visa,scheduled,1795,2014-11-20
673,mastercard,scheduled,1796,2015-02-19
719,mastercard,scheduled,1797,2015-02-14
590,mastercard,scheduled,1798,2015-01-19
2652,visa,scheduled,1799,2015-03-05
2087,visa,scheduled,1800,2015-04-27
2321,AMEX,scheduled,1801,2014-10-05
2108,mastercard,cancelled,1802,2014-11-16
2854,mastercard,cancelled,1803,2015-01-14
2264,visa,cancelled,1804,2014-10-21
1649,mastercard,cancelled,1805,2015-05-17
1983,mastercard,cancelled,1806,2015-03-01
1674,mastercard,cancelled,1807,2014-12-31
1221,mastercard,cancelled,1808,2014-09-07
1127,visa,cancelled,1809,2014-11-15
2061,visa,cancelled,1810,2014-09-29
2073,visa,cancelled,1811,2015-04-26
1306,mastercard,cancelled,1812,2014-09-06
2554,mastercard,cancelled,1813,2015-04-14
2932,visa,cancelled,1814,2015-04-12
917,mastercard,cancelled,1815,2015-04-06
2272,visa,cancelled,1816,2014-10-07
1756,visa,cancelled,1817,2014-12-10
1971,visa,cancelled,1818,2015-04-20
208,mastercard,cancelled,1819,2014-12-20
1479,AMEX,cancelled,1820,2014-08-28
2919,visa,completed,1821,2014-08-11
797,visa,completed,1822,2015-02-23
303,AMEX,completed,1823,2014-10-01
2930,visa,completed,1824,2015-01-11
2918,visa,completed,1825,2015-01-23
719,mastercard,completed,1826,2015-02-17
390,visa,completed,1827,2014-10-28
665,AMEX,completed,1828,2014-10-12
629,mastercard,completed,1829,2014-10-27
244,mastercard,completed,1830,2014-09-17
2938,visa,completed,1831,2014-07-14
961,visa,completed,1832,2014-10-12
2210,visa,completed,1833,2014-10-03
1513,mastercard,completed,1834,2014-11-23
2877,AMEX,completed,1835,2014-07-13
1341,visa,completed,1836,2014-11-16
11,visa,completed,1837,2014-11-23
1115,visa,completed,1838,2014-12-15
657,visa,completed,1839,2014-10-09
2270,mastercard,completed,1840,2014-12-07
1342,visa,completed,1841,2014-12-17
319,visa,completed,1842,2014-11-24
1721,AMEX,completed,1843,2014-12-03
21,visa,completed,1844,2014-11-10
383,mastercard,completed,1845,2014-08-21
92,visa,completed,1846,2014-11-03
1086,visa,completed,1847,2014-06-16
767,visa,completed,1848,2014-07-09
2488,visa,completed,1849,2014-07-01
563,visa,completed,1850,2014-12-07
1095,visa,completed,1851,2014-09-29
1698,visa,completed,1852,2014-12-12
2989,AMEX,completed,1853,2014-08-20
2618,AMEX,completed,1854,2015-02-02
1130,visa,completed,1855,2014-10-22
1184,AMEX,completed,1856,2014-10-06
1928,visa,completed,1857,2014-09-08
923,AMEX,completed,1858,2014-09-25
504,visa,completed,1859,2014-10-12
440,visa,completed,1860,2014-11-29
883,mastercard,completed,1861,2015-01-12
303,AMEX,completed,1862,2014-10-25
2590,AMEX,completed,1863,2014-12-07
293,mastercard,completed,1864,2014-09-18
1908,mastercard,completed,1865,2014-08-17
2097,mastercard,completed,1866,2014-09-02
2624,visa,completed,1867,2015-01-22
2027,visa,completed,1868,2015-03-04
2888,visa,completed,1869,2014-08-22
1127,visa,completed,1870,2014-10-05
2271,visa,completed,1871,2014-08-08
2145,mastercard,completed,1872,2014-09-20
1906,mastercard,completed,1873,2015-02-01
2216,visa,completed,1874,2014-12-07
2242,mastercard,completed,1875,2014-12-23
2236,visa,completed,1876,2015-01-04
142,visa,completed,1877,2014-11-19
809,AMEX,completed,1878,2014-09-07
124,visa,completed,1879,2014-10-06
302,AMEX,completed,1880,2014-10-20
2495,mastercard,completed,1881,2015-02-14
702,mastercard,completed,1882,2014-12-22
527,visa,completed,1883,2014-11-23
590,mastercard,completed,1884,2014-12-29
2890,mastercard,scheduled,1885,2015-01-27
2153,visa,scheduled,1886,2015-03-02
537,visa,scheduled,1887,2014-10-22
2061,visa,scheduled,1888,2014-09-01
888,visa,scheduled,1889,2014-10-30
2208,mastercard,scheduled,1890,2014-09-19
561,visa,scheduled,1891,2014-11-11
2705,visa,scheduled,1892,2014-11-15
1191,AMEX,scheduled,1893,2015-03-01
2709,visa,scheduled,1894,2014-11-29
1213,visa,scheduled,1895,2014-09-08
1682,AMEX,scheduled,1896,2015-02-12
242,visa,scheduled,1897,2015-01-26
1727,visa,scheduled,1898,2015-02-06
2656,visa,scheduled,1899,2015-04-21
1028,mastercard,scheduled,1900,2014-09-09
732,mastercard,scheduled,1901,2014-09-02
1507,mastercard,scheduled,1902,2014-10-21
2132,visa,scheduled,1903,2014-10-15
2010,visa,scheduled,1904,2015-01-12
1099,visa,scheduled,1905,2014-11-11
2505,visa,scheduled,1906,2014-09-23
2108,mastercard,scheduled,1907,2015-01-24
1181,visa,scheduled,1908,2014-08-29
2257,mastercard,scheduled,1909,2015-03-19
2372,visa,scheduled,1910,2015-03-23
2420,mastercard,scheduled,1911,2015-02-11
2376,visa,scheduled,1912,2014-09-23
747,AMEX,scheduled,1913,2014-11-28
594,visa,scheduled,1914,2015-01-01
267,visa,scheduled,1915,2014-11-17
535,AMEX,scheduled,1916,2014-12-20
2321,AMEX,scheduled,1917,2014-12-19
2416,mastercard,cancelled,1918,2015-04-15
2063,mastercard,cancelled,1919,2014-12-31
2006,visa,cancelled,1920,2015-02-13
1444,mastercard,cancelled,1921,2014-12-20
1301,mastercard,cancelled,1922,2014-09-06
1104,AMEX,cancelled,1923,2015-02-09
552,AMEX,cancelled,1924,2015-01-15
2262,AMEX,cancelled,1925,2014-12-24
1512,mastercard,cancelled,1926,2015-03-09
911,mastercard,cancelled,1927,2014-12-23
1027,visa,cancelled,1928,2014-09-12
855,mastercard,cancelled,1929,2014-12-25
1606,visa,cancelled,1930,2014-11-20
2696,visa,cancelled,1931,2015-03-16
1510,AMEX,cancelled,1932,2014-09-20
2403,visa,cancelled,1933,2014-09-16
2533,visa,cancelled,1934,2015-03-03
2557,mastercard,cancelled,1935,2014-09-30
1386,mastercard,cancelled,1936,2014-09-30
2320,visa,cancelled,1937,2015-05-17
902,visa,cancelled,1938,2015-03-24
598,mastercard,cancelled,1939,2015-02-15
1688,mastercard,cancelled,1940,2014-10-25
803,visa,cancelled,1941,2014-12-14
518,AMEX,cancelled,1942,2015-01-10
1987,AMEX,cancelled,1943,2015-04-06
1641,visa,cancelled,1944,2015-03-07
2014,AMEX,cancelled,1945,2015-02-24
1505,mastercard,cancelled,1946,2014-08-10
1989,visa,cancelled,1947,2014-11-11
1655,visa,cancelled,1948,2014-09-29
2633,visa,cancelled,1949,2015-01-05
2646,visa,cancelled,1950,2015-01-16
773,AMEX,completed,1951,2014-10-02
1063,mastercard,completed,1952,2014-10-23
2929,visa,completed,1953,2014-11-13
21,visa,completed,1954,2014-11-12
293,mastercard,completed,1955,2014-09-20
657,visa,completed,1956,2014-10-12
1817,AMEX,completed,1957,2014-09-22
1542,visa,completed,1958,2014-07-16
2932,visa,completed,1959,2015-04-18
1099,visa,completed,1960,2014-11-18
2641,mastercard,completed,1961,2015-01-13
1348,visa,completed,1962,2014-07-15
2563,AMEX,completed,1963,2014-09-17
1551,mastercard,completed,1964,2015-01-21
21,visa,completed,1965,2014-10-31
909,mastercard,completed,1966,2014-09-08
111,mastercard,completed,1967,2014-08-25
211,visa,completed,1968,2014-07-23
194,mastercard,completed,1969,2014-09-11
1607,visa,completed,1970,2014-11-06
1142,mastercard,completed,1971,2015-01-06
1783,AMEX,completed,1972,2015-03-05
754,visa,completed,1973,2014-08-17
916,visa,completed,1974,2014-09-19
2890,mastercard,completed,1975,2014-12-23
1278,AMEX,completed,1976,2014-06-24
2461,visa,completed,1977,2015-03-07
2767,AMEX,completed,1978,2014-11-09
2853,mastercard,completed,1979,2014-11-21
889,visa,completed,1980,2015-02-13
2360,visa,completed,1981,2015-01-25
749,mastercard,completed,1982,2014-08-14
158,mastercard,completed,1983,2015-01-17
2863,AMEX,completed,1984,2014-09-21
2039,visa,completed,1985,2015-01-25
89,AMEX,completed,1986,2014-12-23
820,AMEX,completed,1987,2015-02-12
1166,visa,completed,1988,2014-08-27
2583,visa,completed,1989,2015-01-08
917,mastercard,completed,1990,2015-05-04
1170,visa,completed,1991,2014-08-21
146,visa,completed,1992,2014-10-09
1682,AMEX,completed,1993,2015-01-10
221,visa,completed,1994,2014-12-06
2422,visa,completed,1995,2014-07-26
1762,visa,completed,1996,2015-02-27
1908,mastercard,completed,1997,2014-09-18
2236,visa,completed,1998,2014-12-23
2746,AMEX,completed,1999,2014-11-17
775,AMEX,completed,2000,2014-09-07
1509,AMEX,completed,2001,2014-08-28
1587,AMEX,completed,2002,2014-09-26
2238,mastercard,completed,2003,2014-09-14
2492,AMEX,completed,2004,2014-09-19
1595,visa,completed,2005,2014-08-26
851,AMEX,completed,2006,2015-01-11
424,AMEX,completed,2007,2014-11-29
2882,mastercard,completed,2008,2014-11-20
1501,mastercard,completed,2009,2015-01-10
54,mastercard,completed,2010,2014-11-13
2953,mastercard,completed,2011,2014-06-22
524,AMEX,completed,2012,2014-11-24
728,visa,completed,2013,2014-10-06
2006,visa,completed,2014,2015-01-11
2129,AMEX,completed,2015,2014-10-22
590,mastercard,completed,2016,2015-02-12
2270,mastercard,completed,2017,2015-01-04
2904,visa,completed,2018,2015-03-02
2804,visa,completed,2019,2015-02-05
2616,visa,completed,2020,2015-01-14
462,visa,completed,2021,2014-11-26
2748,visa,completed,2022,2014-08-23
2714,visa,completed,2023,2014-12-26
593,mastercard,completed,2024,2014-12-26
2145,mastercard,completed,2025,2014-11-09
223,visa,completed,2026,2014-09-11
2489,mastercard,completed,2027,2014-12-22
2468,AMEX,completed,2028,2014-07-14
2181,visa,completed,2029,2014-10-21
27,visa,completed,2030,2014-10-03
2242,mastercard,completed,2031,2015-02-13
242,visa,scheduled,2032,2015-01-16
2495,mastercard,scheduled,2033,2015-02-17
679,mastercard,scheduled,2034,2015-01-17
911,mastercard,scheduled,2035,2014-11-24
1220,AMEX,scheduled,2036,2014-11-04
1678,mastercard,scheduled,2037,2015-02-16
149,mastercard,scheduled,2038,2015-01-18
1034,visa,scheduled,2039,2015-03-16
692,AMEX,scheduled,2040,2015-01-20
2878,AMEX,scheduled,2041,2014-11-22
2930,visa,scheduled,2042,2015-03-09
1479,AMEX,scheduled,2043,2014-10-26
2888,visa,scheduled,2044,2014-09-11
2651,visa,scheduled,2045,2014-09-02
118,AMEX,scheduled,2046,2014-10-25
1738,visa,scheduled,2047,2015-01-28
1459,visa,scheduled,2048,2015-01-05
274,AMEX,scheduled,2049,2015-02-01
116,visa,scheduled,2050,2014-11-25
2835,mastercard,scheduled,2051,2015-02-16
1905,AMEX,scheduled,2052,2014-11-19
1796,visa,scheduled,2053,2015-03-07
458,AMEX,scheduled,2054,2014-10-08
688,visa,scheduled,2055,2015-01-08
2547,visa,scheduled,2056,2015-04-09
1918,visa,scheduled,2057,2015-02-11
725,visa,scheduled,2058,2015-02-18
888,visa,scheduled,2059,2014-11-10
1405,visa,scheduled,2060,2015-02-07
2735,mastercard,scheduled,2061,2015-02-03
2107,mastercard,scheduled,2062,2015-03-17
2522,mastercard,scheduled,2063,2015-02-15
1293,visa,scheduled,2064,2014-12-14
1184,AMEX,scheduled,2065,2014-12-18
2369,visa,scheduled,2066,2014-09-21
2330,visa,scheduled,2067,2015-01-19
2247,visa,scheduled,2068,2015-02-06
2109,AMEX,scheduled,2069,2015-02-26
1357,visa,scheduled,2070,2014-09-29
2709,visa,scheduled,2071,2015-02-12
1644,mastercard,cancelled,2072,2015-03-27
183,visa,cancelled,2073,2015-04-26
2034,mastercard,cancelled,2074,2014-12-24
1608,visa,cancelled,2075,2014-10-04
165,visa,cancelled,2076,2014-12-26
2090,visa,cancelled,2077,2015-05-05
951,visa,cancelled,2078,2015-01-14
1271,mastercard,cancelled,2079,2014-11-07
562,visa,cancelled,2080,2014-11-08
